515fcbc73.filt,806rcbc236.filt
515fcbc114.filt,806rcbc39.filt
515fcbc41.filt,806rcbc199.filt
515fcbc73.filt,806rcbc236.filt
515fcbc114.filt,806rcbc39.filt
515fcbc41.filt,806rcbc199.filt
515fcbc61.filt,806rcbc147.filt
515fcbc160.filt,806rcbc220.filt
515fcbc151.filt,806rcbc202.filt
515fcbc38.filt,806rcbc247.filt
515fcbc69.filt,806rcbc132.filt
515fcbc152.filt,806rcbc124.filt
515fcbc52.filt,806rcbc244.filt
515fcbc34.filt,806rcbc115.filt
515fcbc142.filt,806rcbc4.filt
515fcbc146.filt,806rcbc167.filt
515fcbc23.filt,806rcbc135.filt
515fcbc138.filt,806rcbc153.filt
515fcbc145.filt,806rcbc111.filt
515fcbc15.filt,806rcbc146.filt
515fcbc66.filt,806rcbc83.filt
515fcbc125.filt,806rcbc246.filt
515fcbc154.filt,806rcbc66.filt
515fcbc150.filt,806rcbc49.filt
515fcbc100.filt,806rcbc125.filt
515fcbc30.filt,806rcbc270.filt
515fcbc62.filt,806rcbc35.filt
515fcbc113.filt,806rcbc186.filt
515fcbc123.filt,806rcbc221.filt
515fcbc97.filt,806rcbc173.filt
515fcbc99.filt,806rcbc86.filt
515fcbc46.filt,806rcbc8.filt
515fcbc19.filt,806rcbc31.filt
515fcbc158.filt,806rcbc175.filt
515fcbc103.filt,806rcbc108.filt
515fcbc6.filt,806rcbc6.filt
515fcbc112.filt,806rcbc87.filt
515fcbc63.filt,806rcbc89.filt
515fcbc17.filt,806rcbc26.filt
515fcbc106.filt,806rcbc219.filt
515fcbc94.filt,806rcbc234.filt
515fcbc108.filt,806rcbc172.filt
515fcbc117.filt,806rcbc105.filt
515fcbc12.filt,806rcbc80.filt
515fcbc140.filt,806rcbc17.filt
515fcbc80.filt,806rcbc144.filt
515fcbc28.filt,806rcbc16.filt
515fcbc137.filt,806rcbc237.filt
515fcbc8.filt,806rcbc138.filt
515fcbc156.filt,806rcbc11.filt
515fcbc10.filt,806rcbc70.filt
515fcbc45.filt,806rcbc5.filt
515fcbc96.filt,806rcbc185.filt
515fcbc55.filt,806rcbc203.filt
515fcbc131.filt,806rcbc211.filt
515fcbc7.filt,806rcbc252.filt
515fcbc89.filt,806rcbc197.filt
515fcbc134.filt,806rcbc206.filt
515fcbc85.filt,806rcbc263.filt
515fcbc39.filt,806rcbc41.filt
515fcbc11.filt,806rcbc248.filt
515fcbc25.filt,806rcbc235.filt
515fcbc50.filt,806rcbc79.filt
515fcbc49.filt,806rcbc78.filt
515fcbc20.filt,806rcbc65.filt
515fcbc13.filt,806rcbc54.filt
515fcbc130.filt,806rcbc258.filt
515fcbc107.filt,806rcbc251.filt
515fcbc78.filt,806rcbc157.filt
515fcbc120.filt,806rcbc12.filt
515fcbc35.filt,806rcbc141.filt
515fcbc139.filt,806rcbc69.filt
515fcbc102.filt,806rcbc261.filt
515fcbc105.filt,806rcbc145.filt
515fcbc40.filt,806rcbc239.filt
515fcbc48.filt,806rcbc18.filt
515fcbc82.filt,806rcbc44.filt
515fcbc16.filt,806rcbc96.filt
515fcbc27.filt,806rcbc22.filt
515fcbc136.filt,806rcbc61.filt
515fcbc81.filt,806rcbc142.filt
515fcbc65.filt,806rcbc207.filt
515fcbc4.filt,806rcbc257.filt
515fcbc1.filt,806rcbc205.filt
515fcbc72.filt,806rcbc256.filt
515fcbc70.filt,806rcbc67.filt
515fcbc87.filt,806rcbc30.filt
515fcbc116.filt,806rcbc245.filt
515fcbc157.filt,806rcbc231.filt
515fcbc84.filt,806rcbc201.filt
515fcbc155.filt,806rcbc241.filt
515fcbc143.filt,806rcbc25.filt
515fcbc51.filt,806rcbc101.filt
515fcbc149.filt,806rcbc266.filt
515fcbc18.filt,806rcbc268.filt
515fcbc93.filt,806rcbc151.filt
515fcbc144.filt,806rcbc260.filt
515fcbc133.filt,806rcbc154.filt
515fcbc101.filt,806rcbc85.filt
515fcbc29.filt,806rcbc23.filt
515fcbc83.filt,806rcbc149.filt
515fcbc115.filt,806rcbc130.filt
515fcbc86.filt,806rcbc95.filt
515fcbc124.filt,806rcbc160.filt
515fcbc111.filt,806rcbc195.filt
515fcbc2.filt,806rcbc225.filt
515fcbc54.filt,806rcbc178.filt
515fcbc67.filt,806rcbc10.filt
515fcbc121.filt,806rcbc88.filt
515fcbc119.filt,806rcbc98.filt
